<?xml version="1.0" encoding="UTF-8"?>

<Endpoint xmlns="http://hl7.org/fhir">
  <id value="GDHCNParticipantDID-ESP-SCA"/>
  <meta>
    <profile value="https://profiles.ihe.net/ITI/mCSD/StructureDefinition/IHE.mCSD.Endpoint"/>
  </meta>
  <text>
    <status value="generated"/><div xmlns="http://www.w3.org/1999/xhtml"><p class="res-header-id"><b>Generated Narrative: Endpoint GDHCNParticipantDID-ESP-SCA</b></p><a name="GDHCNParticipantDID-ESP-SCA"> </a><a name="hcGDHCNParticipantDID-ESP-SCA"> </a><a name="GDHCNParticipantDID-ESP-SCA-en-US"> </a><div style="display: inline-block; background-color: #d9e0e7; padding: 6px; margin: 4px; border: 1px solid #8da1b4; border-radius: 5px; line-height: 60%"><p style="margin-bottom: 0px"/><p style="margin-bottom: 0px">Profile: <a href="https://profiles.ihe.net/ITI/mCSD/3.8.0/StructureDefinition-IHE.mCSD.Endpoint.html">mCSD Endpoint</a></p></div><p><b>status</b>: Active</p><p><b>connectionType</b>: </p><p><b>name</b>: Spain Trustlist (DID v2) - Certificate Signing Authority
did:web:tng-cdn.who.int:v2:trustlist:-:ESP:DSC
resolvable at http://tng-cdn.who.int/v2/trustlist/-/ESP/SCA/did.json</p><p><b>managingOrganization</b>: <a href="Organization-GDHCNParticipant-ESP.html">Organization Spain</a></p><p><b>address</b>: did:web:tng-cdn.who.int:v2:trustlist:-:ESP</p></div>
  </text>
  <status value="active"/>
  <connectionType/>
  <name value="Spain Trustlist (DID v2) - Certificate Signing Authority&#xA;did:web:tng-cdn.who.int:v2:trustlist:-:ESP:DSC&#xA;resolvable at http://tng-cdn.who.int/v2/trustlist/-/ESP/SCA/did.json"/>
  <managingOrganization>
    <reference value="Organization/GDHCNParticipant-ESP"/>
  </managingOrganization>
  <address value="did:web:tng-cdn.who.int:v2:trustlist:-:ESP"/>
</Endpoint>