{
  "resourceType" : "CodeSystem",
  "id" : "4cca8844-8d1c-4be8-993a-43309992e92c-2",
  "url" : "http://hl7.org/fhir/comparison/CodeSystem/4cca8844-8d1c-4be8-993a-43309992e92c-2",
  "name" : "UnionWHO_TRUST_DOMAINAndWHO_TRUST_DOMAIN",
  "title" : "Union of WHO SMART Trust Domains And WHO SMART Trust Domains",
  "status" : "active",
  "date" : "2024-10-28T13:04:40+00:00",
  "jurisdiction" : [{
    "coding" : [{
      "system" : "http://unstats.un.org/unsd/methods/m49/m49.htm",
      "code" : "001"
    }]
  }],
  "concept" : [{
    "code" : "DDCC",
    "display" : "WHO DDCC"
  },
  {
    "code" : "IPS-PILGRIMAGE",
    "display" : "IPS for Pilgrimage"
  }]
}