"Id","Path","Slice Name","Alias(s)","Label","Min","Max","Must Support?","Is Modifier?","Is Summary?","Type(s)","Short","Definition","Comments","Requirements","Default Value","Meaning When Missing","Fixed Value","Pattern","Example","Minimum Value","Maximum Value","Maximum Length","Binding Strength","Binding Description","Binding Value Set","Code","Slicing Discriminator","Slicing Description","Slicing Ordered","Slicing Rules","Base Path","Base Min","Base Max","Condition(s)","Constraint(s)","Mapping: RIM Mapping"
"CWTPayload","CWTPayload","","","",0,*,"","","","null {[]} {[]}
","CBOR Web Token (CWT) Payload (Common)","Logical Model for CBOR Web Token (CWT) Payload Logical Modelin CWT Payload https://www.iana.org/assignments/cwt/cwt.xhtml ","","","","","","","","","",,,,,"",,,,"Base",0,*,"",""
"CWTPayload.1","CWTPayload.1","","","",0,1,"","","","Coding {[]} {[]}
","Issuer Code (iss)","Issuer","","","","","","","","","",,,,,"",,,,"CWTPayload.1",0,1,"",""
"CWTPayload.4","CWTPayload.4","","","",0,1,"","","","dateTime {[]} {[]}
","Expiration Date Time(exp)","Expiration Time","","","","","","","","","",,,,,"",,,,"CWTPayload.4",0,1,"",""
"CWTPayload.6","CWTPayload.6","","","",0,1,"","","","dateTime {[]} {[]}
","Issued At (iat)","Issued At","","","","","","","","","",,,,,"",,,,"CWTPayload.6",0,1,"",""
"CWTPayload.-260","CWTPayload.-260","","","",0,1,"","","","http://smart.who.int/ddcc/StructureDefinition/HCert {[]} {[]}
","Health Certificate","HCert","","","","","","","","","",,,,,"",,,,"CWTPayload.-260",0,1,"",""
