{
  "codeSystems" : [
    {
      "url" : "http://smart.who.int/trust/CodeSystem/WHO.TRUST.DOMAIN",
      "version" : "1.1.5",
      "status" : "draft",
      "name" : "WHO_TRUST_DOMAIN",
      "title" : "WHO SMART Trust Domains",
      "description" : "Controlled vocabulary used to define WHO SMART Trust network service provider characteristics.",
      "uses" : {
      },
      "ValueSet-WHO.TRUST.DOMAIN.html" : "WHO SMART Trust Domains"
    },
    {
      "url" : "http://smart.who.int/trust/CodeSystem/WHO.TRUST.KEYUSAGE",
      "version" : "1.1.5",
      "status" : "active",
      "name" : "WHO_TRUST_KEYUSAGE",
      "title" : "WHO.TRUST.KEYUSAGE CodeSystem",
      "description" : "CodeSystem for TRUST.KEYUSAGE that has usage codes for verification keys published to the Trust Network as defined by the [certificate governance](concepts_certificate_governance.html)",
      "uses" : {
      },
      "ValueSet-WHO.TRUST.KEYUSAGE.html" : "TRUST.KEYUSAGE ValueSet of key usage codes "
    }
  ]
}
