"Id","Path","Slice Name","Alias(s)","Label","Min","Max","Must Support?","Is Modifier?","Is Summary?","Type(s)","Short","Definition","Comments","Requirements","Default Value","Meaning When Missing","Fixed Value","Pattern","Example","Minimum Value","Maximum Value","Maximum Length","Binding Strength","Binding Description","Binding Value Set","Code","Slicing Discriminator","Slicing Description","Slicing Ordered","Slicing Rules","Base Path","Base Min","Base Max","Condition(s)","Constraint(s)","Mapping: RIM Mapping"
"COSEHeader","COSEHeader","","","",0,*,"","","","null {[]} {[]}
","COSE Headers (DRAFT)","Data elements for COSE Headers https://www.iana.org/assignments/cose/cose.xhtml#header-parameters","","","","","","","","","",,,,,"",,,,"Base",0,*,"","","n/a"
"COSEHeader.1","COSEHeader.1","","","",0,1,"","","","string {[]} {[]}
","Encryption Algorithm","alg(1)","","","","","","","","","",,,,,"",,,,"COSEHeader.1",0,1,"",""
"COSEHeader.4","COSEHeader.4","","","",0,1,"","","","string {[]} {[]}
","Key ID used to verify the signature of the certificate","keyid (4)","","","","","","","","","",,,,,"",,,,"COSEHeader.4",0,1,"",""
