{
  "resourceType" : "Endpoint",
  "id" : "GDHCNParticipantDID-WHO",
  "meta" : {
    "profile" : ["https://profiles.ihe.net/ITI/mCSD/StructureDefinition/IHE.mCSD.Endpoint"]
  },
  "text" : {
    "status" : "generated",
    "div" : "<div xmlns=\"http://www.w3.org/1999/xhtml\"><p class=\"res-header-id\"><b>Generated Narrative: Endpoint GDHCNParticipantDID-WHO</b></p><a name=\"GDHCNParticipantDID-WHO\"> </a><a name=\"hcGDHCNParticipantDID-WHO\"> </a><a name=\"GDHCNParticipantDID-WHO-en-US\"> </a><div style=\"display: inline-block; background-color: #d9e0e7; padding: 6px; margin: 4px; border: 1px solid #8da1b4; border-radius: 5px; line-height: 60%\"><p style=\"margin-bottom: 0px\"/><p style=\"margin-bottom: 0px\">Profile: <a href=\"https://profiles.ihe.net/ITI/mCSD/3.8.0/StructureDefinition-IHE.mCSD.Endpoint.html\">mCSD Endpoint</a></p></div><p><b>status</b>: Active</p><p><b>connectionType</b>: </p><p><b>name</b>: WHO Trust List (DID v2) </p><p><b>managingOrganization</b>: <a href=\"Organization-GDHCNParticipant-WHO.html\">Organization WHO</a></p><p><b>address</b>: <a href=\"http://tng-cdn.who.int/v2/trustlist/-/WHO/did.json\">http://tng-cdn.who.int/v2/trustlist/-/WHO/did.json</a></p></div>"
  },
  "status" : "active",
  "connectionType" : [null],
  "name" : "WHO Trust List (DID v2) ",
  "managingOrganization" : {
    "reference" : "Organization/GDHCNParticipant-WHO"
  },
  "address" : "http://tng-cdn.who.int/v2/trustlist/-/WHO/did.json"
}